<?xml version="1.0" encoding="UTF-8"?>
<!DOCTYPE geografia [
<!ELEMENT geografia (paises, ciudades)>
<!ELEMENT paises (pais)*>
<!ELEMENT pais (#PCDATA)>
<!ATTLIST pais codpais ID #REQUIRED>
<!ELEMENT ciudades (ciudad)*>
<!ELEMENT ciudad (#PCDATA)>
<!ATTLIST ciudad pais IDREF #IMPLIED>
]>
<geografia>
    <paises>
        <pais codpais="id1">Argentina</pais>
        <pais codpais="id2">Austria</pais>
        <pais codpais="id3">Japón</pais>
        <pais codpais="id4">Noruega</pais>
    </paises>
    <ciudades>
        <ciudad pais="id3">Osaka</ciudad>
        <ciudad pais="id4">Oslo</ciudad>
        <ciudad pais="id2">Sevilla</ciudad>
        <ciudad pais="id3">Tokio</ciudad>
        <ciudad pais="id2">Viena</ciudad>
    </ciudades>
</geografia>
